2025-10-16 21:01:34.534165,BTC/USDT,BUY,108105.43
2025-10-16 21:01:42.589460,ETH/USDT,BUY,3915.22
2025-10-16 21:01:47.002079,BNB/USDT,HOLD,1148.32
2025-10-16 21:01:51.460676,SOL/USDT,HOLD,189.26
2025-10-16 21:01:55.939139,XRP/USDT,HOLD,2.3607
2025-10-16 21:02:00.390151,DOGE/USDT,HOLD,0.19088
2025-10-16 21:02:04.827304,ADA/USDT,HOLD,0.6538
2025-10-16 21:02:18.055314,AVAX/USDT,BUY,21.11
2025-10-16 21:02:28.448852,MATIC/USDT,BUY,0.3794
2025-10-16 21:02:32.890914,DOT/USDT,HOLD,3.064
2025-10-16 21:02:40.838128,LTC/USDT,BUY,91.51
2025-10-16 21:02:45.298212,LINK/USDT,HOLD,17.65
2025-10-16 21:03:44.826565,TON/USDT,BUY,2.207
2025-10-16 21:03:49.435074,TRX/USDT,HOLD,0.319
2025-10-16 21:04:07.558858,APT/USDT,BUY,3.357
2025-10-16 21:04:12.092507,ARB/USDT,HOLD,0.3196
2025-10-16 21:07:07.498950,BTC/USDT,BUY,107804.82
2025-10-16 21:07:14.515646,ETH/USDT,BUY,3890.36
2025-10-16 21:08:13.140032,BNB/USDT,BUY,1142.02
2025-10-16 21:08:17.571853,SOL/USDT,HOLD,188.1
2025-10-16 21:08:29.650699,XRP/USDT,BUY,2.3506
2025-10-16 21:08:34.032316,DOGE/USDT,HOLD,0.19021
2025-10-16 21:08:42.705590,ADA/USDT,BUY,0.6512
2025-10-16 21:08:49.282339,AVAX/USDT,BUY,21.05
